id;start_date;end_date;language
1;2019-10-11T15:50:48;2019-10-11T08:59:05;ENGLISH
2;2019-10-11T17:20:53;2019-10-11T02:27:03;FRENCH
3;2019-10-11T12:52:58;2019-10-11T04:16:58;ENGLISH
4;2019-10-11T02:04:49;2019-10-11T09:31:51;ENGLISH
5;2019-10-11T11:03:28;2019-10-11T15:47:37;FRENCH
6;2019-10-11T17:20:29;2019-10-11T18:37:25;SPANISH
7;2019-10-11T02:42:48;2019-10-11T15:23:35;FRENCH
8;2019-10-11T00:14:07;2019-10-11T08:14:16;FRENCH
9;2019-10-11T10:02:13;2019-10-11T18:26:51;ENGLISH
10;2019-10-11T13:20:23;2019-10-11T10:36:37;ENGLISH
